{
    "RandomForest": 0.8605236656596174,
    "LogisticRegression": 0.8721047331319235
}